<?xml version="1.0" encoding="utf-8"?>
<odoo>
  <data noupdate="0">
    <record model="ir.module.category" id="ecpay_invoice_access_management">
        <field name="name">綠界電子發票存取權限管理</field>
        <field name="sequence">3</field>
    </record>

    <record id="ecpay_invoice_group_user" model="res.groups">
        <field name="name">管理者</field>
        <field name="implied_ids" eval="[(4, ref('base.group_user'))]"/>
        <field name="users" eval="[(4, ref('base.user_root'))]"/>
        <field name="category_id" ref="ecpay_invoice_tw.ecpay_invoice_access_management"/>
    </record>

  </data>
</odoo>